[
    {
        "voice_evaluation_id": "1",
        "campaign_id": "2",
        "project_id": "2",
        "name": "LG"
    },
    {
        "voice_evaluation_id": "1",
        "campaign_id": "2",
        "project_id": "15",
        "name": "Solar SM"
    },
    {
        "voice_evaluation_id": "1",
        "campaign_id": "3",
        "project_id": "3",
        "name": "Allied"
    },
    {
        "voice_evaluation_id": "1",
        "campaign_id": "3",
        "project_id": "4",
        "name": "SRWCS"
    },
    {
        "voice_evaluation_id": "1",
        "campaign_id": "3",
        "project_id": "5",
        "name": "LF"
    },
    {
        "voice_evaluation_id": "1",
        "campaign_id": "3",
        "project_id": "6",
        "name": "Camp-21"
    },
    {
        "voice_evaluation_id": "1",
        "campaign_id": "3",
        "project_id": "7",
        "name": "Camp-8"
    },
    {
        "voice_evaluation_id": "1",
        "campaign_id": "3",
        "project_id": "8",
        "name": "Warm Debt"
    },
    {
        "voice_evaluation_id": "1",
        "campaign_id": "3",
        "project_id": "9",
        "name": "FinalExpense"
    },
    {
        "voice_evaluation_id": "1",
        "campaign_id": "3",
        "project_id": "10",
        "name": "Ch Refi and Reverse LT's"
    },
    {
        "voice_evaluation_id": "1",
        "campaign_id": "3",
        "project_id": "11",
        "name": "HWCH"
    },
    {
        "voice_evaluation_id": "1",
        "campaign_id": "3",
        "project_id": "12",
        "name": "Less_Then_59"
    },
    {
        "voice_evaluation_id": "1",
        "campaign_id": "3",
        "project_id": "13",
        "name": "HWCH_60_US"
    },
    {
        "voice_evaluation_id": "1",
        "campaign_id": "3",
        "project_id": "14",
        "name": "Reverse LG"
    },
    {
        "voice_evaluation_id": "1",
        "campaign_id": "1",
        "project_id": null,
        "name": "Home Warranties"
    }
]
